{
  "project_info": {
    "project_number": "608794052568",
    "project_id": "login-w3grocery",
    "storage_bucket": "login-w3grocery.firebasestorage.app"
  },
  "client": [
    {
      "client_info": {
        "mobilesdk_app_id": "1:608794052568:android:86cf5035d111151f9e14ad",
        "android_client_info": {
          "package_name": "com.example.flutter_application_12"
        }
      },
      "oauth_client": [],
      "api_key": [
        {
          "current_key": "AIzaSyD8NNDc10pg63i-s-ADuDQRS-VdTJV4IAU"
        }
      ],
      "services": {
        "appinvite_service": {
          "other_platform_oauth_client": []
        }
      }
    },
    {
      "client_info": {
        "mobilesdk_app_id": "1:608794052568:android:ea26121f8e7740999e14ad",
        "android_client_info": {
          "package_name": "com.w3.grocery_store"
        }
      },
      "oauth_client": [],
      "api_key": [
        {
          "current_key": "AIzaSyD8NNDc10pg63i-s-ADuDQRS-VdTJV4IAU"
        }
      ],
      "services": {
        "appinvite_service": {
          "other_platform_oauth_client": []
        }
      }
    }
  ],
  "configuration_version": "1"
}