{"flutter":{"platforms":{"android":{"default":{"projectId":"login-w3grocery","appId":"1:608794052568:android:86cf5035d111151f9e14ad","fileOutput":"android/app/google-services.json"}},"dart":{"lib/firebase_options.dart":{"projectId":"login-w3grocery","configurations":{"android":"1:608794052568:android:86cf5035d111151f9e14ad","ios":"1:608794052568:ios:43dd0acc8404c8bb9e14ad","macos":"1:608794052568:ios:43dd0acc8404c8bb9e14ad","web":"1:608794052568:web:32009cb35ded8a3e9e14ad","windows":"1:608794052568:web:a60bf9a3bf27b2239e14ad"}}}}}}